{"mode": "train", "epoch": 1, "iter": 5, "lr": 0.0001, "time": 1.97418, "data_time": 1.22199, "memory": 5563, "transfer_time": 1.2313, "forward_time": 1.64847, "loss_parse_time": 1.64874, "loss": [12.25984, 26.71369, 36.84667, 17.90623, 19.619, 15.9129], "hm_loss": [3.48845, 10.50777, 24.90589, 6.2358, 7.83183, 4.42274], "loc_loss": [35.08555, 64.82368, 47.76313, 46.68171, 47.14868, 45.96064], "loc_loss_elem": [[4.3064, 5.20524, 5.00812, 3.50721, 3.72355, 3.45509, 3.79112, 5.94693, 4.00138, 3.93095], [5.94926, 8.07159, 8.79899, 8.76237, 9.77964, 6.12095, 7.56267, 5.5345, 6.87667, 7.84479], [4.69782, 5.68174, 6.00874, 5.80516, 6.73543, 4.7982, 7.73454, 5.59618, 5.02996, 6.33994], [5.55797, 6.11779, 6.53104, 3.59473, 4.26181, 3.45419, 5.25819, 3.65768, 10.39073, 4.99027], [6.37777, 4.75264, 6.47305, 6.76322, 7.34331, 4.28241, 5.22401, 5.25147, 4.81011, 4.25107], [6.69496, 5.42905, 7.68082, 3.97524, 4.6118, 4.00202, 5.00632, 5.46126, 5.70503, 5.7682]], "num_positive": [52.6, 25.2, 25.4, 33.2, 38.8, 83.6]}
{"mode": "train", "epoch": 1, "iter": 10, "lr": 0.0001, "time": 0.48445, "data_time": 0.02273, "memory": 5563, "transfer_time": 0.03212, "forward_time": 0.16654, "loss_parse_time": 0.1668, "loss": [10.08924, 19.62411, 28.02909, 13.70391, 15.65576, 14.47006], "hm_loss": [3.02044, 7.5547, 16.05631, 4.76001, 5.9185, 4.00292], "loc_loss": [28.27522, 48.27766, 47.89111, 35.77561, 38.94902, 41.86856], "loc_loss_elem": [[3.22002, 3.35513, 4.44649, 2.72471, 3.18326, 2.8935, 3.45486, 5.16415, 3.41122, 3.31709], [4.16118, 5.48018, 7.92968, 6.93682, 7.66768, 4.72065, 6.263, 5.22854, 4.4658, 4.61737], [4.51633, 7.35327, 6.77988, 4.42901, 5.34005, 6.33396, 6.18344, 5.20605, 5.09783, 5.76288], [4.96201, 4.10395, 5.31552, 3.93854, 2.82883, 2.96225, 4.84553, 3.92981, 6.28022, 3.62922], [5.516, 3.55156, 5.37172, 5.85339, 5.57773, 3.3341, 4.34476, 4.29513, 4.16982, 3.84673], [5.80523, 5.12808, 6.75828, 3.94927, 4.06343, 3.72365, 4.82817, 4.8474, 5.75705, 4.74845]], "num_positive": [59.2, 25.2, 22.8, 34.6, 39.0, 79.2]}
{"mode": "train", "epoch": 1, "iter": 15, "lr": 0.0001, "time": 0.46994, "data_time": 0.00814, "memory": 5563, "transfer_time": 0.0168, "forward_time": 0.15144, "loss_parse_time": 0.15169, "loss": [9.17814, 15.49501, 22.04979, 10.98571, 13.61767, 11.44139], "hm_loss": [3.18953, 5.90796, 13.21104, 4.13761, 5.12073, 3.36273], "loc_loss": [23.95444, 38.34822, 35.355, 27.39241, 33.98774, 32.31464], "loc_loss_elem": [[2.96252, 3.11483, 3.82149, 2.31596, 2.70634, 2.1923, 2.77002, 4.06758, 2.59688, 2.8766], [3.64728, 4.42842, 6.12822, 4.29472, 5.719, 3.83207, 4.62777, 4.01974, 4.24436, 4.32465], [4.2332, 4.84125, 5.68016, 3.06675, 3.96602, 3.80264, 4.57194, 3.52564, 4.60283, 3.54264], [3.70732, 3.51521, 3.94193, 2.54465, 2.30276, 2.43576, 3.035, 2.87018, 4.7981, 2.96565], [3.99881, 3.1039, 5.13872, 4.87525, 4.77326, 3.54893, 4.26358, 3.9709, 3.79478, 3.10721], [4.36896, 3.7661, 5.42646, 2.91439, 3.382, 2.79088, 3.7397, 3.65372, 3.84848, 4.33869]], "num_positive": [46.0, 26.8, 20.0, 36.6, 39.2, 79.2]}
{"mode": "train", "epoch": 1, "iter": 20, "lr": 0.0001, "time": 0.48465, "data_time": 0.01085, "memory": 5713, "transfer_time": 0.01987, "forward_time": 0.16908, "loss_parse_time": 0.16932, "loss": [8.92325, 13.365, 16.88069, 8.80617, 11.14132, 9.82197], "hm_loss": [3.4311, 4.94336, 9.85554, 3.55937, 4.45073, 3.3667], "loc_loss": [21.96858, 33.68656, 28.10061, 20.98721, 26.76236, 25.82106], "loc_loss_elem": [[2.12435, 2.59469, 3.81451, 2.42302, 2.74801, 2.10157, 3.29538, 5.55381, 2.3781, 2.01449], [3.27894, 4.41798, 4.89306, 4.25306, 5.56497, 3.00652, 5.06334, 4.52229, 2.91835, 3.43655], [3.03162, 4.26411, 4.4083, 2.46131, 3.26333, 2.56236, 3.69987, 3.5907, 3.47672, 3.17475], [2.81271, 2.60583, 3.28654, 1.85639, 1.992, 1.97593, 2.44184, 2.26546, 3.02151, 2.49484], [3.20137, 2.75905, 3.74012, 3.62376, 3.97305, 2.7888, 3.34241, 3.81065, 2.43355, 2.81204], [3.59401, 3.47229, 3.84565, 2.43323, 2.18105, 2.53736, 3.77864, 2.79667, 3.09854, 3.34387]], "num_positive": [33.6, 29.6, 19.8, 58.0, 41.6, 83.2]}
{"mode": "train", "epoch": 1, "iter": 25, "lr": 0.0001, "time": 0.47104, "data_time": 0.01164, "memory": 5713, "transfer_time": 0.02017, "forward_time": 0.15415, "loss_parse_time": 0.15439, "loss": [7.28112, 10.19606, 13.63387, 7.0415, 9.19197, 8.61771], "hm_loss": [2.93098, 4.38924, 8.21258, 2.91147, 4.14918, 3.16371], "loc_loss": [17.40057, 23.22727, 21.68514, 16.52011, 20.17117, 21.81597], "loc_loss_elem": [[1.85082, 1.98239, 2.95953, 1.81277, 1.95693, 1.79746, 2.58008, 4.30599, 1.62973, 2.03372], [2.55901, 3.0866, 3.84537, 2.33991, 2.70846, 2.20389, 3.43902, 2.50321, 2.37621, 2.91939], [2.83384, 2.93783, 3.77175, 1.95792, 2.41557, 1.87228, 2.47319, 2.71652, 2.30441, 2.55361], [2.26976, 1.9719, 2.71195, 1.65287, 1.75089, 1.36017, 2.1331, 1.6601, 2.30394, 1.73998], [2.58, 1.88418, 3.0192, 2.43668, 2.71164, 1.94031, 2.55364, 2.96096, 1.90759, 2.58865], [2.61097, 3.14093, 3.27111, 1.96408, 1.82457, 2.42507, 3.22525, 2.35634, 2.58404, 2.87888]], "num_positive": [52.8, 28.2, 19.2, 45.0, 40.0, 65.6]}
{"mode": "train", "epoch": 1, "iter": 30, "lr": 0.0001, "time": 0.46056, "data_time": 0.01203, "memory": 5713, "transfer_time": 0.0201, "forward_time": 0.15018, "loss_parse_time": 0.15043, "loss": [6.25349, 9.23908, 10.4032, 10.35798, 8.08921, 8.02436], "hm_loss": [2.93813, 4.31503, 6.98456, 4.05171, 3.88763, 3.819], "loc_loss": [13.26143, 19.69623, 13.67458, 25.2251, 16.80632, 16.82143], "loc_loss_elem": [[1.39731, 1.61821, 2.13564, 1.46386, 1.50158, 1.25984, 2.20815, 2.68959, 1.4897, 1.41573], [2.00622, 2.09287, 3.4667, 2.68496, 2.32644, 1.69158, 2.92663, 2.60594, 2.18936, 2.13158], [1.91731, 1.65345, 2.47359, 1.25897, 1.6572, 1.20049, 1.40692, 1.86632, 1.48981, 1.36911], [3.68724, 2.23588, 3.7507, 2.63275, 2.27943, 2.00952, 3.80074, 1.54757, 4.78046, 2.77946], [2.17524, 1.73373, 2.29938, 1.88577, 1.9644, 1.77577, 2.24485, 2.7927, 1.75451, 2.21], [2.20022, 2.16533, 2.45114, 1.64868, 1.52049, 1.80815, 2.62875, 2.20213, 1.89367, 2.16759]], "num_positive": [45.8, 24.4, 19.8, 29.4, 39.4, 54.4]}
{"mode": "train", "epoch": 1, "iter": 35, "lr": 0.0001, "time": 0.47101, "data_time": 0.01184, "memory": 5713, "transfer_time": 0.02086, "forward_time": 0.15486, "loss_parse_time": 0.1551, "loss": [5.11693, 8.22569, 8.98086, 7.35744, 7.08166, 7.98168], "hm_loss": [2.62523, 3.91663, 5.69884, 4.1861, 3.65707, 3.13826], "loc_loss": [9.96677, 17.23622, 13.12809, 12.68536, 13.69836, 19.37366], "loc_loss_elem": [[1.03921, 1.2566, 1.47159, 0.97842, 1.11834, 0.93694, 1.55254, 2.95516, 1.07539, 1.18875], [1.4996, 1.79918, 3.58176, 1.72896, 2.16545, 1.40687, 2.71803, 2.70559, 1.83658, 2.13309], [1.38318, 1.51748, 2.47356, 1.83192, 1.35379, 1.11882, 2.13519, 1.60983, 1.22785, 1.47249], [1.59879, 1.26518, 2.15782, 1.61869, 1.07813, 1.23823, 1.42559, 1.08723, 1.68294, 1.54302], [1.60369, 1.3779, 2.14778, 1.49976, 1.41424, 1.52715, 1.9686, 2.54379, 1.51544, 1.70991], [2.16748, 2.18529, 3.33831, 1.82959, 1.78007, 1.96373, 2.80092, 2.14862, 2.32514, 2.79413]], "num_positive": [58.8, 24.8, 22.0, 33.2, 37.4, 62.2]}
{"mode": "train", "epoch": 1, "iter": 40, "lr": 0.0001, "time": 0.45275, "data_time": 0.01143, "memory": 5713, "transfer_time": 0.01936, "forward_time": 0.14704, "loss_parse_time": 0.14728, "loss": [5.00759, 6.42446, 8.13897, 5.69688, 6.28378, 5.43666], "hm_loss": [2.956, 3.61535, 5.13483, 3.43617, 3.44625, 2.91174], "loc_loss": [8.20635, 11.23645, 12.01655, 9.04286, 11.35011, 10.0997],