{
  "label_aps": {
    "car": {
      "0.5": 0.3237463340751718,
      "1.0": 0.45302240774881697,
      "2.0": 0.5370229524195194,
      "4.0": 0.5849743379729324
    },
    "truck": {
      "0.5": 0.005882622876273598,
      "1.0": 0.01253472361213024,
      "2.0": 0.020741598950281954,
      "4.0": 0.025486894943476564
    },
    "bus": {
      "0.5": 0.0,
      "1.0": 0.012817990770587439,
      "2.0": 0.13538411279363916,
      "4.0": 0.1531087820684822
    },
    "trailer": {
      "0.5": 0.0,
      "1.0": 0.0,
      "2.0": 0.0,
      "4.0": 0.0
    },
    "construction_vehicle": {
      "0.5": 0.0,
      "1.0": 0.0,
      "2.0": 0.0,
      "4.0": 0.0
    },
    "pedestrian": {
      "0.5": 0.4824831555383343,
      "1.0": 0.5447435877441427,
      "2.0": 0.5781389252423719,
      "4.0": 0.6404757168330721
    },
    "motorcycle": {
      "0.5": 0.01117929080059019,
      "1.0": 0.02305582039174423,
      "2.0": 0.02476970917890106,
      "4.0": 0.03589142123875564
    },
    "bicycle": {
      "0.5": 0.0006518981344509982,
      "1.0": 0.0006518981344509982,
      "2.0": 0.0006518981344509982,
      "4.0": 0.002284198657382194
    },
    "traffic_cone": {
      "0.5": 0.0,
      "1.0": 0.0,
      "2.0": 0.0,
      "4.0": 0.0
    },
    "barrier": {
      "0.5": 0.0,
      "1.0": 0.00368941753755294,
      "2.0": 0.03207182943457766,
      "4.0": 0.034469774790710055
    }
  },
  "mean_dist_aps": {
    "car": 0.47469150805411015,
    "truck": 0.016161460095540592,
    "bus": 0.0753277214081772,
    "trailer": 0.0,
    "construction_vehicle": 0.0,
    "pedestrian": 0.5614603463394803,
    "motorcycle": 0.02372406040249778,
    "bicycle": 0.0010599732651837973,
    "traffic_cone": 0.0,
    "barrier": 0.017557755440710164
  },
  "mean_ap": 0.11699828250057001,
  "label_tp_errors": {
    "car": {
      "trans_err": 0.30944476920060715,
      "scale_err": 0.2056611609999675,
      "orient_err": 1.1759086246752286,
      "vel_err": 0.6042789828276671,
      "attr_err": 0.36389236790629387
    },
    "truck": {
      "trans_err": 0.4230210671375951,
      "scale_err": 0.27270321846914924,
      "orient_err": 0.8982264407292864,
      "vel_err": 1.4065264675002607,
      "attr_err": 0.20234849311167472
    },
    "bus": {
      "trans_err": 0.9022235435824305,
      "scale_err": 0.2945027288535562,
      "orient_err": 1.0463081400836705,
      "vel_err": 4.450654669398047,
      "attr_err": 0.6533328679824251
    },
    "trailer": {
      "trans_err": 1.0,
      "scale_err": 1.0,
      "orient_err": 1.0,
      "vel_err": 1.0,
      "attr_err": 1.0
    },
    "construction_vehicle": {
      "trans_err": 1.0,
      "scale_err": 1.0,
      "orient_err": 1.0,
      "vel_err": 1.0,
      "attr_err": 1.0
    },
    "pedestrian": {
      "trans_err": 0.35446246277392013,
      "scale_err": 0.2918508072415276,
      "orient_err": 1.5463681901466153,
      "vel_err": 1.1627388477127274,
      "attr_err": 0.3026836188624265
    },
    "motorcycle": {
      "trans_err": 0.37377291714173677,
      "scale_err": 0.33492219865572914,
      "orient_err": 1.8736771607080536,
      "vel_err": 1.2415334544306589,
      "attr_err": 0.5735851278306935
    },
    "bicycle": {
      "trans_err": 0.33260023436113295,
      "scale_err": 0.4658825659932144,
      "orient_err": 1.232342823128842,
      "vel_err": 1.0706033411344271,
      "attr_err": 0.007586809766486773
    },
    "traffic_cone": {
      "trans_err": 0.3079554068502295,
      "scale_err": 0.6529046804413811,
      "orient_err": NaN,
      "vel_err": NaN,
      "attr_err": NaN
    },
    "barrier": {
      "trans_err": 0.8794138888325642,
      "scale_err": 0.5829538656202399,
      "orient_err": 0.4517397855779524,
      "vel_err": NaN,
      "attr_err": NaN
    }
  },
  "tp_errors": {
    "trans_err": 0.5882894289880216,
    "scale_err": 0.5101381226274765,
    "orient_err": 1.1360634627832944,
    "vel_err": 1.4920419703754737,
    "attr_err": 0.5129286606825001
  },
  "tp_scores": {
    "trans_err": 0.4117105710119784,
    "scale_err": 0.4898618773725235,
    "orient_err": 0.0,
    "vel_err": 0.0,
    "attr_err": 0.4870713393174999
  },
  "nd_score": 0.1973635200204852,
  "eval_time": 3.099853038787842,
  "cfg": {
    "class_range": {
      "car": 50,
      "truck": 50,
      "bus": 50,
      "trailer": 50,
      "construction_vehicle": 50,
      "pedestrian": 40,
      "motorcycle": 40,
      "bicycle": 40,
      "traffic_cone": 30,
      "barrier": 30
    },
    "dist_fcn": "center_distance",
    "dist_ths": [
      0.5,
      1.0,
      2.0,
      4.0
    ],
    "dist_th_tp": 2.0,
    "min_recall": 0.1,
    "min_precision": 0.1,
    "max_boxes_per_sample": 500,
    "mean_ap_weight": 5
  },
  "meta": {
    "use_camera": false,
    "use_lidar": true,
    "use_radar": false,
    "use_map": false,
    "use_external": false
  }
}